<?xml version="1.0" encoding="utf-8"?>
<manifest xmlns:android="http://schemas.android.com/apk/res/android" package="com.yong.wesave">

    <uses-permission android:name="android.permission.CAMERA" />
    <uses-permission android:name="android.permission.INTERNET" />
    <uses-permission android:name="android.permission.WRITE_EXTERNAL_STORAGE" />
    <uses-permission android:name="android.permission.READ_EXTERNAL_STORAGE" />
    <uses-feature android:name="android.hardware.camera" />
    <uses-feature android:name="android.hardware.camera.autofocus" />

    <application android:name=".WeSave" android:allowBackup="true"
        android:icon="@drawable/ic_launcher" android:label="@string/app_name"
        android:largeHeap="true" android:supportsRtl="true" android:hardwareAccelerated="false"
        android:theme="@style/ThemeOverlay.AppCompat.ActionBar">

        <activity android:name=".LoginActivity" android:theme="@style/AppTheme.NoActionBar"
            android:icon="@drawable/ic_launcher" android:screenOrientation="portrait">
            <intent-filter>
                <action android:name="android.intent.action.MAIN" />
                <category android:name="android.intent.category.LAUNCHER" />
            </intent-filter>
        </activity>

        <activity android:name=".ForgotPasswordActivity" android:theme="@style/AppTheme.NoActionBar"
            android:icon="@drawable/ic_launcher" android:screenOrientation="portrait" />

        <activity android:name=".ChangePasswordActivity" android:theme="@style/AppTheme.NoActionBar"
            android:icon="@drawable/ic_launcher" android:screenOrientation="portrait" />

        <activity android:name=".ScanBarcodeActivity" android:theme="@style/AppTheme.NoActionBar"
            android:icon="@drawable/ic_launcher" android:screenOrientation="portrait" />

        <activity android:name=".PricingActivity" android:theme="@style/AppTheme.NoActionBar"
            android:icon="@drawable/ic_launcher" android:screenOrientation="portrait" />

        <activity android:name=".CreateItemActivity" android:theme="@style/AppTheme.NoActionBar"
            android:icon="@drawable/ic_launcher" android:screenOrientation="portrait" />

        <activity android:name=".CameraActivity" android:theme="@style/AppTheme.NoActionBar"
            android:icon="@drawable/ic_launcher" android:screenOrientation="portrait" />

        <activity android:name="com.facebook.FacebookActivity"
            android:configChanges="keyboard|keyboardHidden|screenLayout|screenSize|orientation"
            android:theme="@android:style/Theme.Translucent.NoTitleBar"
            android:label="@string/app_name" />

        <!-- cn -->
        <activity android:name="com.facebook.CustomTabActivity" android:exported="true">
            <intent-filter>
                <action android:name="android.intent.action.VIEW" />
                <category android:name="android.intent.category.DEFAULT" />
                <category android:name="android.intent.category.BROWSABLE" />
                <data android:scheme="@string/fb_login_protocol_scheme" />
            </intent-filter>
        </activity>

        <activity android:name=".ContinuousCaptureActivity"

            android:theme="@style/AppTheme">

        </activity>


        <!-- ATTENTION: This was auto-generated to add Google Play services to your project for
     App Indexing.  See https://g.co/AppIndexing/AndroidStudio for more information. -->
        <meta-data android:name="com.google.android.gms.version"
            android:value="@integer/google_play_services_version" />
        <meta-data android:name="com.facebook.sdk.ApplicationId"
            android:value="@string/facebook_app_id" />


    </application>

</manifest>